-- phpMyAdmin SQL Dump
-- version 5.1.1
-- https://www.phpmyadmin.net/
--
-- Host: localhost
-- Waktu pembuatan: 13 Des 2021 pada 12.44
-- Versi server: 10.4.20-MariaDB
-- Versi PHP: 8.0.9

SET SQL_MODE = "NO_AUTO_VALUE_ON_ZERO";
START TRANSACTION;
SET time_zone = "+00:00";


/*!40101 SET @OLD_CHARACTER_SET_CLIENT=@@CHARACTER_SET_CLIENT */;
/*!40101 SET @OLD_CHARACTER_SET_RESULTS=@@CHARACTER_SET_RESULTS */;
/*!40101 SET @OLD_COLLATION_CONNECTION=@@COLLATION_CONNECTION */;
/*!40101 SET NAMES utf8mb4 */;

--
-- Database: `ticketing`
--

-- --------------------------------------------------------

--
-- Struktur dari tabel `booking`
--

CREATE TABLE `booking` (
  `id` varchar(255) NOT NULL,
  `userId` varchar(255) NOT NULL,
  `dateBooking` date NOT NULL,
  `timeBooking` time NOT NULL,
  `movieId` int(11) NOT NULL,
  `scheduleId` int(11) NOT NULL,
  `totalTicket` int(11) NOT NULL,
  `totalPayment` int(11) NOT NULL,
  `paymentMethod` varchar(100) NOT NULL,
  `statusPayment` varchar(100) NOT NULL,
  `payment` varchar(255) DEFAULT NULL,
  `statusUsed` enum('Active','notActive','inProcess') NOT NULL DEFAULT 'inProcess',
  `createdAt` timestamp NOT NULL DEFAULT current_timestamp() ON UPDATE current_timestamp(),
  `updatedAt` timestamp NULL DEFAULT NULL
) ENGINE=InnoDB DEFAULT CHARSET=utf8mb4;

--
-- Dumping data untuk tabel `booking`
--

INSERT INTO `booking` (`id`, `userId`, `dateBooking`, `timeBooking`, `movieId`, `scheduleId`, `totalTicket`, `totalPayment`, `paymentMethod`, `statusPayment`, `payment`, `statusUsed`, `createdAt`, `updatedAt`) VALUES
('10', '4', '2021-09-26', '20:00:00', 6, 2, 3, 30, 'paypal', 'success', '', 'notActive', '2021-10-03 17:18:55', NULL),
('11', 'facbdb30-e5e6-4246-a066-3561fd0bbda2', '2021-11-26', '20:00:00', 11, 7, 2, 20, 'paypal', 'success', '', 'Active', '2021-10-03 17:24:57', NULL),
('12', '0b72001f-3a3e-457b-be58-37ea8b9810cc', '2021-11-26', '20:00:00', 6, 2, 2, 20, 'paypal', 'success', '', 'Active', '2021-10-07 07:20:43', NULL),
('13', '0b72001f-3a3e-457b-be58-37ea8b9810cc', '2021-11-26', '20:00:00', 6, 2, 2, 20, 'paypal', 'success', '', 'Active', '2021-10-07 07:21:32', NULL),
('1310900c-e78c-415f-a924-c342499a892a', 'cbf642c7-974f-49ca-a130-b00bd73e6a1c', '2021-11-26', '22:00:00', 3, 3, 2, 26, 'paypal', 'pending', '', 'Active', '2021-10-07 14:48:23', NULL),
('14', '0b72001f-3a3e-457b-be58-37ea8b9810cc', '2021-11-26', '20:00:00', 6, 2, 2, 20, 'paypal', 'success', '', 'Active', '2021-10-07 07:22:59', NULL),
('1549bf38-e5e9-4d4d-b54f-220f06d0e0b4', 'cbf642c7-974f-49ca-a130-b00bd73e6a1c', '2021-11-26', '22:00:00', 3, 3, 2, 26, 'paypal', 'pending', '', 'Active', '2021-10-07 14:46:50', NULL),
('1983c59d-dc61-463a-a8fb-2ac12b9a1651', 'cbf642c7-974f-49ca-a130-b00bd73e6a1c', '2021-11-26', '22:00:00', 9, 5, 4, 100, 'paypal', 'pending', '', 'Active', '2021-10-08 07:51:40', NULL),
('1c020e32-f7c7-452d-94e7-0db686ed4fa4', '9ad8a2ec-fa8e-4f0e-8660-f2b0b2cde664', '2021-10-23', '22:00:00', 6, 2, 3, 30, 'Bri', 'pending', 'https://app.sandbox.midtrans.com/snap/v2/vtweb/df5fbfb1-a891-4151-808c-22fafed016bb', 'inProcess', '2021-10-23 13:47:45', NULL),
('1c74d7ff-d4ed-4815-aace-2e627e1eb546', '143a9684-2620-486d-adbc-2a0f064979fa', '2022-12-09', '20:00:00', 33, 13, 3, 30, 'paypal', 'pending', 'https://app.sandbox.midtrans.com/snap/v2/vtweb/682fa3f7-c179-43bf-93f6-d104a36da63f', 'inProcess', '2021-12-09 04:39:27', NULL),
('1eaf5d89-6578-40a5-a8e5-7d292a4f6615', '143a9684-2620-486d-adbc-2a0f064979fa', '2021-12-11', '20:00:00', 33, 13, 3, 30, 'dana', 'pending', 'https://app.sandbox.midtrans.com/snap/v2/vtweb/d3bdd293-077e-4e35-a61e-1c04484cadd6', 'inProcess', '2021-12-11 04:44:12', NULL),
('24b4e231-b0c0-4c01-9600-28a129a9e1ab', 'cbf642c7-974f-49ca-a130-b00bd73e6a1c', '2021-11-26', '22:00:00', 3, 3, 2, 26, 'paypal', 'pending', '', 'Active', '2021-10-08 06:35:57', NULL),
('254447f7-3c13-4981-b39e-1994fdbc7b08', '9ad8a2ec-fa8e-4f0e-8660-f2b0b2cde664', '2021-11-03', '20:00:00', 9, 5, 2, 50, 'Bri', 'pending', 'https://app.sandbox.midtrans.com/snap/v2/vtweb/87011cff-e701-47fd-be05-24e49cbd1e90', 'inProcess', '2021-10-25 07:01:31', NULL),
('2653f150-0aaf-41ff-a0f8-839afea13f07', 'cbf642c7-974f-49ca-a130-b00bd73e6a1c', '2021-11-26', '22:00:00', 3, 3, 2, 26, 'paypal', 'pending', '', 'Active', '2021-10-07 14:46:57', NULL),
('2961a640-c73f-4572-b7e9-c6fd4f8b23a7', '143a9684-2620-486d-adbc-2a0f064979fa', '2021-12-11', '22:00:00', 33, 13, 3, 30, 'bri', 'pending', 'https://app.sandbox.midtrans.com/snap/v2/vtweb/1019d846-1483-4b6b-b96c-fb34385725e8', 'inProcess', '2021-12-11 03:43:46', NULL),
('35203dd8-da96-401e-90b0-48db27644404', '9ad8a2ec-fa8e-4f0e-8660-f2b0b2cde664', '2021-11-05', '22:00:00', 33, 13, 3, 30, 'Paypal', 'pending', 'https://app.sandbox.midtrans.com/snap/v2/vtweb/da25f793-9c43-49f5-a54d-9ec51c96a6cf', 'inProcess', '2021-11-03 13:01:02', NULL),
('3545e821-8cf6-446f-a656-a9657f0bee5f', '9ad8a2ec-fa8e-4f0e-8660-f2b0b2cde664', '2021-10-29', '14:00:00', 24, 12, 1, 10, 'Ovo', 'pending', 'https://app.sandbox.midtrans.com/snap/v2/vtweb/ca385f8b-bfc1-44dc-ba08-3746f8ec32ed', 'inProcess', '2021-10-26 03:22:31', NULL),
('36efc13d-1816-4df4-a6b0-8c98952be7e6', 'cbf642c7-974f-49ca-a130-b00bd73e6a1c', '2021-11-26', '22:00:00', 9, 5, 1, 25, 'ovo', 'success', 'https://app.sandbox.midtrans.com/snap/v2/vtweb/7d7f4c8a-a8d1-4bf9-b956-e3b81df19805', 'Active', '2021-10-08 09:15:38', '2021-10-08 09:15:38'),
('38ab363d-c990-4046-9c25-3a905afc833c', '9ad8a2ec-fa8e-4f0e-8660-f2b0b2cde664', '2021-10-26', '22:00:00', 6, 2, 2, 20, 'paypal', 'pending', 'https://app.sandbox.midtrans.com/snap/v2/vtweb/9a4069d2-8154-45c6-9ef4-4fbb4d79f2fb', 'inProcess', '2021-10-25 08:58:34', NULL),
('3ae1f926-3627-4887-bc56-957788dff1aa', '9ad8a2ec-fa8e-4f0e-8660-f2b0b2cde664', '2021-10-27', '20:00:00', 24, 10, 3, 30, 'Google Pay', 'pending', 'https://app.sandbox.midtrans.com/snap/v2/vtweb/388742a5-800e-4108-9c2d-9016f2b911a6', 'inProcess', '2021-10-26 04:17:40', NULL),
('3e4d2c58-f447-4899-8a79-6fed3fbb6074', '9ad8a2ec-fa8e-4f0e-8660-f2b0b2cde664', '2021-11-17', '20:00:00', 33, 13, 2, 20, 'Bri', 'pending', 'https://app.sandbox.midtrans.com/snap/v2/vtweb/4e4727a7-b82b-4d8a-84c0-1d9b805dfb6a', 'inProcess', '2021-11-02 06:24:11', NULL),
('3fd06af9-efa7-4d09-ba26-48a2ab9f6da8', '143a9684-2620-486d-adbc-2a0f064979fa', '2021-12-11', '20:00:00', 33, 13, 3, 30, 'gopay', 'pending', 'https://app.sandbox.midtrans.com/snap/v2/vtweb/acd6bc8f-fb82-44af-8530-cbb7c38196f7', 'inProcess', '2021-12-11 04:57:36', NULL),
('4', '3', '2021-09-24', '13:27:12', 6, 2, 2, 30, 'paypal', 'success', '', 'Active', '2021-09-03 17:24:46', NULL),
('4557814d-c30d-4088-aebe-46b4594ead9d', '143a9684-2620-486d-adbc-2a0f064979fa', '2021-12-11', '20:00:00', 33, 13, 3, 30, 'dana', 'pending', 'https://app.sandbox.midtrans.com/snap/v2/vtweb/e5fb855a-2a1e-4b5d-9251-439cf9ee41f7', 'inProcess', '2021-12-11 04:42:48', NULL),
('4c4f1992-4bb8-434f-9ba9-962ca4aef93c', '9ad8a2ec-fa8e-4f0e-8660-f2b0b2cde664', '2021-10-27', '22:00:00', 6, 2, 2, 20, 'Visa', 'pending', 'https://app.sandbox.midtrans.com/snap/v2/vtweb/8ff3d8a4-620b-4c2f-8c6c-0b538082b9bd', 'inProcess', '2021-10-25 13:51:04', NULL),
('4c6566cf-603d-4b4f-b293-088b12b803d1', '9ad8a2ec-fa8e-4f0e-8660-f2b0b2cde664', '2021-10-27', '22:00:00', 6, 2, 2, 20, 'Dana', 'pending', 'https://app.sandbox.midtrans.com/snap/v2/vtweb/33f469db-7362-44cf-9ca3-f97a4b1cd2e6', 'inProcess', '2021-10-25 13:50:22', NULL),
('4c7d5028-f3da-48e1-98c5-23f5e42b13af', '143a9684-2620-486d-adbc-2a0f064979fa', '2021-12-11', '22:00:00', 33, 13, 3, 30, 'bri', 'success', 'https://app.sandbox.midtrans.com/snap/v2/vtweb/b9dd3420-a9cf-49f8-bdcb-7e94c5c31840', 'Active', '2021-12-11 04:21:24', '2021-12-11 04:21:24'),
('4d44c52d-f433-4e33-ab3d-1a1d1b6dd6db', '143a9684-2620-486d-adbc-2a0f064979fa', '2021-12-11', '20:00:00', 33, 13, 3, 30, 'dana', 'pending', 'https://app.sandbox.midtrans.com/snap/v2/vtweb/d658897b-3f31-4365-918b-6b45dd2be200', 'inProcess', '2021-12-11 04:41:10', NULL),
('4f3448cb-5713-4df0-bfc8-e1e9befc5ca9', '9ad8a2ec-fa8e-4f0e-8660-f2b0b2cde664', '2021-11-05', '14:00:00', 33, 13, 3, 30, 'Google Pay', 'pending', 'https://app.sandbox.midtrans.com/snap/v2/vtweb/ddf77ddf-23cf-4707-afd8-8448d91930a6', 'inProcess', '2021-11-03 13:43:33', NULL),
('5', '4', '2021-09-24', '13:28:38', 6, 2, 4, 60, 'paypal', 'success', '', 'Active', '2021-10-03 17:24:50', NULL),
('505d1cc8-c90b-4349-acd7-7168dab3d74c', 'cbf642c7-974f-49ca-a130-b00bd73e6a1c', '2021-11-26', '22:00:00', 3, 3, 2, 26, 'paypal', 'pending', '', 'Active', '2021-10-07 14:46:03', NULL),
('520d4dd1-ac6e-40a7-a5b6-04224a6a67bd', '143a9684-2620-486d-adbc-2a0f064979fa', '2022-12-09', '20:00:00', 33, 13, 3, 30, 'bri', 'pending', 'https://app.sandbox.midtrans.com/snap/v2/vtweb/6eb0819d-c394-40e8-8c9d-301f251dcfae', 'inProcess', '2021-12-09 04:37:25', NULL),
('54bed7da-6bf0-48ff-aa7a-c2623c9787da', '9ad8a2ec-fa8e-4f0e-8660-f2b0b2cde664', '2021-11-30', '22:00:00', 24, 10, 2, 20, 'Gopay', 'pending', 'https://app.sandbox.midtrans.com/snap/v2/vtweb/5097231a-325a-4491-a092-93eca399f549', 'inProcess', '2021-11-01 07:31:26', NULL),
('5e1638c2-cf8d-425b-9037-33d517f6db10', '2d9a7154-f6f3-4b39-bdcd-f4cf2dd93da4', '2021-11-05', '20:00:00', 39, 14, 3, 30, 'Dana', 'pending', 'https://app.sandbox.midtrans.com/snap/v2/vtweb/15aed2be-3258-4f63-94d9-59fd97434af7', 'inProcess', '2021-11-04 03:56:36', NULL),
('5fad1003-0d70-41cf-9532-4ad99d4c4ef7', 'cbf642c7-974f-49ca-a130-b00bd73e6a1c', '2021-11-26', '22:00:00', 3, 3, 2, 26, 'paypal', 'pending', '', 'Active', '2021-10-07 15:00:25', NULL),
('5ff66756-d75c-48e3-9513-3e7097f9fc33', 'cbf642c7-974f-49ca-a130-b00bd73e6a1c', '2021-11-26', '22:00:00', 7, 6, 2, 36, 'ovo', 'success', 'https://app.sandbox.midtrans.com/snap/v2/vtweb/02cc866e-4ec3-4a2a-b045-a4142d72af18', 'Active', '2021-10-08 14:55:07', '2021-10-08 14:55:07'),
('6', '4', '2020-09-12', '22:00:00', 9, 5, 2, 50, 'paypal', 'success', '', 'notActive', '2021-10-04 06:14:43', NULL),
('61be4284-305b-491f-ab31-5c19d5b0cb43', '9ad8a2ec-fa8e-4f0e-8660-f2b0b2cde664', '2021-11-30', '22:00:00', 24, 10, 2, 20, 'Paypal', 'success', 'https://app.sandbox.midtrans.com/snap/v2/vtweb/213c3ea0-7d1d-4297-a87e-a7954d705fa0', 'inProcess', '2021-11-01 08:24:06', NULL),
('63053565-8a26-42f7-a312-fc20b0a32078', '9ad8a2ec-fa8e-4f0e-8660-f2b0b2cde664', '2021-11-11', '14:00:00', 39, 14, 3, 30, 'Bri', 'pending', 'https://app.sandbox.midtrans.com/snap/v2/vtweb/71ccd05c-e9b5-44aa-b9b5-c98a3b72cfa3', 'inProcess', '2021-11-04 02:32:28', NULL),
('6490aee5-1190-449f-8af9-f109649f9da7', 'cbf642c7-974f-49ca-a130-b00bd73e6a1c', '2021-11-26', '22:00:00', 9, 5, 4, 100, 'paypal', 'pending', '', 'Active', '2021-10-08 08:24:14', NULL),
('66ec6855-9d20-4fb9-bc1e-1a9e1cc9293b', '143a9684-2620-486d-adbc-2a0f064979fa', '2021-12-11', '20:00:00', 33, 13, 3, 30, 'paypal', 'pending', 'https://app.sandbox.midtrans.com/snap/v2/vtweb/253cc315-5157-4ab3-b254-96c37bccf841', 'inProcess', '2021-12-11 05:05:00', NULL),
('7', '6', '2020-09-12', '20:00:00', 7, 6, 1, 18, 'paypal', 'success', '', 'notActive', '2021-10-03 17:24:20', NULL),
('74b25ac0-bed8-42b8-83bd-ee1e22ef87a7', '9ad8a2ec-fa8e-4f0e-8660-f2b0b2cde664', '2021-10-23', '22:00:00', 6, 2, 3, 30, 'Paypal', 'pending', 'https://app.sandbox.midtrans.com/snap/v2/vtweb/c2d7cccf-8430-44a3-82df-b29d752c26cb', 'inProcess', '2021-10-23 13:51:04', NULL),
('7aeac6d2-9946-4574-8cce-132f6886159a', 'cbf642c7-974f-49ca-a130-b00bd73e6a1c', '2021-11-26', '22:00:00', 9, 5, 4, 100, 'paypal', 'pending', '', 'Active', '2021-10-08 08:23:06', NULL),
('8', '4', '2021-09-26', '20:00:00', 6, 2, 3, 45, 'paypal', 'success', '', 'notActive', '2021-12-03 17:29:31', NULL),
('80154e21-93ef-40e0-b541-27aa912fd852', 'cbf642c7-974f-49ca-a130-b00bd73e6a1c', '2021-11-26', '22:00:00', 3, 3, 2, 26, 'paypal', 'pending', '', 'Active', '2021-10-07 14:47:22', NULL),
('83733184-6b72-4602-b519-5ef6e575904f', 'cbf642c7-974f-49ca-a130-b00bd73e6a1c', '2021-11-26', '22:00:00', 9, 5, 4, 100, 'paypal', 'success', '', 'Active', '2021-10-08 09:25:03', '2021-10-08 09:25:03'),
('86ce3566-62b4-426e-899c-1b687a3bb68d', '143a9684-2620-486d-adbc-2a0f064979fa', '2021-12-15', '20:00:00', 37, 20, 3, 54, 'paypal', 'pending', 'https://app.sandbox.midtrans.com/snap/v2/vtweb/3bd049a9-307d-4edd-9367-f9957329332d', 'inProcess', '2021-12-13 03:51:38', NULL),
('8b9eb6fa-fc61-4e8f-abc3-431a3d80e108', 'cbf642c7-974f-49ca-a130-b00bd73e6a1c', '2021-11-26', '22:00:00', 11, 7, 6, 60, 'paypal', 'success', '', 'Active', '2021-10-08 06:47:22', '2021-10-08 06:47:22'),
('8ef91f29-b980-4c6a-bcb2-b5541d71075c', 'cbf642c7-974f-49ca-a130-b00bd73e6a1c', '2021-11-26', '22:00:00', 3, 3, 2, 26, 'paypal', 'pending', '', 'Active', '2021-10-07 14:59:10', NULL),
('9', '6', '2021-10-26', '20:00:00', 11, 7, 1, 10, 'gopay', 'success', '', 'notActive', '2021-12-01 05:11:17', NULL),
('9639039f-e0b9-422a-932a-3d7905a8c63c', 'cbf642c7-974f-49ca-a130-b00bd73e6a1c', '2021-11-26', '22:00:00', 9, 5, 1, 25, 'ovo', 'pending', 'https://app.sandbox.midtrans.com/snap/v2/vtweb/69c5bcd4-c1d1-499c-9927-193c5f43897d', 'inProcess', '2021-10-08 09:19:24', NULL),
('996f9218-f41e-4dc7-892f-7c03cd02a9bb', '143a9684-2620-486d-adbc-2a0f064979fa', '2021-12-11', '22:00:00', 33, 13, 3, 30, 'bri', 'pending', 'https://app.sandbox.midtrans.com/snap/v2/vtweb/b77e1075-fd5b-49e5-b25d-c9b4badb0a58', 'inProcess', '2021-12-11 03:41:52', NULL),
('9a5e5854-78ce-4310-8c86-d1d8aef381a9', 'cbf642c7-974f-49ca-a130-b00bd73e6a1c', '2021-11-26', '22:00:00', 11, 7, 1, 10, 'ovo', 'success', 'https://app.sandbox.midtrans.com/snap/v2/vtweb/2c503888-4143-4511-9f2c-4671adfeaca8', 'Active', '2021-10-08 15:28:34', '2021-10-08 15:28:34'),
('a8e8b1ec-ba7c-4bbf-905d-6f76ee3f1e6f', '9ad8a2ec-fa8e-4f0e-8660-f2b0b2cde664', '2021-10-26', '22:00:00', 6, 2, 2, 20, 'paypal', 'pending', 'https://app.sandbox.midtrans.com/snap/v2/vtweb/15a5c6f0-4bd8-4f5b-b151-78253ab58165', 'inProcess', '2021-10-25 11:16:12', NULL),
('a9784612-b26d-4a76-b2f5-fe53b20efbc4', 'cbf642c7-974f-49ca-a130-b00bd73e6a1c', '2021-11-26', '22:00:00', 3, 3, 2, 26, 'paypal', 'pending', '', 'Active', '2021-10-07 14:56:42', NULL),
('aa393426-685e-498e-bd0c-d48bd5d92004', '9ad8a2ec-fa8e-4f0e-8660-f2b0b2cde664', '2021-11-03', '20:00:00', 9, 5, 3, 75, 'Dana', 'pending', 'https://app.sandbox.midtrans.com/snap/v2/vtweb/5fbec1c9-de91-4fbf-8fd3-09853c9043ec', 'inProcess', '2021-10-25 06:51:19', NULL),
('ac2d6af0-1480-45eb-8940-b4f7e9b0de15', 'cbf642c7-974f-49ca-a130-b00bd73e6a1c', '2021-11-26', '22:00:00', 3, 3, 3, 39, 'paypal', 'pending', '', 'Active', '2021-10-08 06:37:45', NULL),
('ad46b8ee-f63e-40c5-8acc-46fa2c950284', '9ad8a2ec-fa8e-4f0e-8660-f2b0b2cde664', '2021-11-05', '22:00:00', 33, 13, 3, 30, 'Dana', 'pending', 'https://app.sandbox.midtrans.com/snap/v2/vtweb/97fdb96e-079d-4f2f-96ef-b5298a3de78b', 'inProcess', '2021-11-03 13:11:19', NULL),
('b32a02d6-c083-41e4-b459-c8cb28b94017', '143a9684-2620-486d-adbc-2a0f064979fa', '2021-12-10', '20:00:00', 33, 13, 2, 20, 'bca', 'pending', 'https://app.sandbox.midtrans.com/snap/v2/vtweb/d792531e-bd2a-403d-8c7c-97ac625cd41c', 'inProcess', '2021-12-10 17:03:55', NULL),
('b4e97bdf-9976-4d32-89d1-7ec4d00fdbe9', '143a9684-2620-486d-adbc-2a0f064979fa', '2021-12-10', '16:00:00', 41, 19, 4, 80, 'google-pay', 'pending', 'https://app.sandbox.midtrans.com/snap/v2/vtweb/7fad18ed-098a-4f56-9536-72df942fc443', 'inProcess', '2021-12-10 08:16:03', NULL),
('b5b4f9d1-70a0-4e83-a2ec-b220b1e3f200', '9ad8a2ec-fa8e-4f0e-8660-f2b0b2cde664', '2021-10-29', '14:00:00', 24, 12, 1, 10, 'Bri', 'pending', 'https://app.sandbox.midtrans.com/snap/v2/vtweb/01c4dc0e-f5e7-438f-b643-b375500422de', 'inProcess', '2021-10-26 03:24:03', NULL),
('b5d923f2-cf77-4359-8e0c-8a1c21c7e917', 'cbf642c7-974f-49ca-a130-b00bd73e6a1c', '2021-11-26', '22:00:00', 9, 5, 4, 100, 'paypal', 'pending', '', 'Active', '2021-10-08 08:22:41', NULL),
('b8854f11-05af-44bc-a39d-f6eb6e686594', 'cbf642c7-974f-49ca-a130-b00bd73e6a1c', '2021-11-26', '22:00:00', 3, 3, 2, 26, 'paypal', 'pending', '', 'Active', '2021-10-07 14:50:27', NULL),
('bcbf8a06-195e-4e8d-a75f-1d82205d6195', 'cbf642c7-974f-49ca-a130-b00bd73e6a1c', '2021-11-26', '22:00:00', 3, 3, 2, 26, 'paypal', 'pending', '', 'Active', '2021-10-07 14:42:29', NULL),
('c9c53502-77ff-4469-9d79-7ecc5668fa0e', 'cbf642c7-974f-49ca-a130-b00bd73e6a1c', '2021-11-26', '22:00:00', 3, 3, 2, 26, 'paypal', 'pending', '', 'Active', '2021-10-07 14:53:01', NULL),
('c9d7b0d6-ff8d-4cf0-9f3f-d47778496c78', '9ad8a2ec-fa8e-4f0e-8660-f2b0b2cde664', '2021-11-05', '22:00:00', 33, 13, 3, 30, 'Bca', 'pending', 'https://app.sandbox.midtrans.com/snap/v2/vtweb/0e8fb25d-05bf-427b-bcc5-814abe0e8e55', 'inProcess', '2021-11-03 12:50:58', NULL),
('cead05c0-4e74-46fb-baed-f603d6fac274', 'cbf642c7-974f-49ca-a130-b00bd73e6a1c', '2021-11-26', '22:00:00', 6, 2, 1, 10, 'ovo', 'failed', 'https://app.sandbox.midtrans.com/snap/v2/vtweb/648e7d52-ffd9-49d1-873d-d00aa1e266e4', 'notActive', '2021-10-08 15:09:18', '2021-10-08 15:09:18'),
('d07c6c3a-3144-441f-acae-102d3e1a389c', 'cbf642c7-974f-49ca-a130-b00bd73e6a1c', '2021-11-26', '22:00:00', 3, 3, 2, 26, 'paypal', 'pending', '', 'Active', '2021-10-07 14:49:09', NULL),
('d1dd7fd3-7c29-4c2d-829e-e770abff6772', 'cbf642c7-974f-49ca-a130-b00bd73e6a1c', '2021-11-26', '22:00:00', 6, 2, 1, 10, 'ovo', 'pending', 'https://app.sandbox.midtrans.com/snap/v2/vtweb/9c19b56b-b026-4816-8282-e186e71cd799', 'inProcess', '2021-10-08 12:48:12', NULL),
('d1e55fb4-f827-48ef-b735-6a67c4f20f20', 'cbf642c7-974f-49ca-a130-b00bd73e6a1c', '2021-11-26', '22:00:00', 9, 5, 4, 100, 'paypal', 'pending', '', 'Active', '2021-10-08 08:22:16', NULL),
('d3996b35-7b81-4eee-94b1-1380758d74d5', 'cbf642c7-974f-49ca-a130-b00bd73e6a1c', '2021-11-26', '22:00:00', 3, 3, 2, 26, 'paypal', 'pending', '', 'Active', '2021-10-07 14:44:46', NULL),
('dbd752cf-41d8-4968-8b12-54097e505571', 'cbf642c7-974f-49ca-a130-b00bd73e6a1c', '2021-11-26', '22:00:00', 9, 5, 1, 25, 'ovo', 'pending', 'https://app.sandbox.midtrans.com/snap/v2/vtweb/f83c9aa6-b298-42fa-ba77-cdd742d612a5', 'Active', '2021-10-08 08:39:37', NULL),
('e38cef64-7895-4258-8fff-7aa29ca229a6', '9ad8a2ec-fa8e-4f0e-8660-f2b0b2cde664', '2021-11-05', '22:00:00', 33, 13, 3, 30, 'Bca', 'pending', 'https://app.sandbox.midtrans.com/snap/v2/vtweb/54e76b4b-0a81-407a-88a4-1afe98c02e29', 'inProcess', '2021-11-03 13:10:27', NULL),
('e41b879f-cbe1-4e20-8721-9ee4736722cd', '9ad8a2ec-fa8e-4f0e-8660-f2b0b2cde664', '2021-11-02', '20:00:00', 33, 13, 4, 40, 'Bri', 'pending', 'https://app.sandbox.midtrans.com/snap/v2/vtweb/ae80c7e4-7951-48a0-9176-5ca41a3e47ae', 'inProcess', '2021-11-02 06:22:11', NULL),
('f4d01654-34b7-495d-8239-26347255ec0d', '143a9684-2620-486d-adbc-2a0f064979fa', '2021-12-11', '20:00:00', 33, 13, 3, 30, 'gopay', 'pending', 'https://app.sandbox.midtrans.com/snap/v2/vtweb/e6468a6b-61a5-4b60-92f9-44e6b9246465', 'inProcess', '2021-12-11 04:56:29', NULL),
('f8ca86af-08b1-46f1-81ca-f5bf41ce346e', 'cbf642c7-974f-49ca-a130-b00bd73e6a1c', '2021-11-26', '22:00:00', 9, 5, 1, 25, 'ovo', 'pending', 'https://app.sandbox.midtrans.com/snap/v2/vtweb/20a008cb-ae91-4ff1-8a4c-81b5e10ea094', 'inProcess', '2021-10-08 09:21:33', NULL),
('f9e73d61-e11a-4c37-93d8-9e4bedda663e', 'cbf642c7-974f-49ca-a130-b00bd73e6a1c', '2021-11-26', '22:00:00', 9, 5, 1, 25, 'ovo', 'success', 'https://app.sandbox.midtrans.com/snap/v2/vtweb/e6f9461f-54db-4e52-9174-3248b131c6cb', 'Active', '2021-10-08 09:02:58', '2021-10-08 09:02:58'),
('fa8a538f-66cb-45f1-a3f6-fc2f626eb6da', '143a9684-2620-486d-adbc-2a0f064979fa', '2021-12-11', '20:00:00', 33, 13, 3, 30, 'dana', 'pending', 'https://app.sandbox.midtrans.com/snap/v2/vtweb/d7138903-524a-45a6-8d69-56bdb0bd5e60', 'inProcess', '2021-12-11 04:43:36', NULL);

-- --------------------------------------------------------

--
-- Struktur dari tabel `movie`
--

CREATE TABLE `movie` (
  `id` int(11) NOT NULL,
  `name` varchar(255) NOT NULL,
  `category` varchar(255) NOT NULL,
  `image` varchar(255) DEFAULT NULL,
  `releaseDate` date NOT NULL,
  `cast` varchar(255) NOT NULL,
  `director` varchar(100) NOT NULL,
  `duration` varchar(10) NOT NULL,
  `synopsis` varchar(255) NOT NULL,
  `createdAt` timestamp NOT NULL DEFAULT current_timestamp(),
  `updatedAt` timestamp NULL DEFAULT NULL
) ENGINE=InnoDB DEFAULT CHARSET=utf8mb4;

--
-- Dumping data untuk tabel `movie`
--

INSERT INTO `movie` (`id`, `name`, `category`, `image`, `releaseDate`, `cast`, `director`, `duration`, `synopsis`, `createdAt`, `updatedAt`) VALUES
(33, 'Avangers 4', 'Action', NULL, '2021-10-12', 'walid', 'www', '01:20', 'loremm ipsum ...', '2021-11-01 15:27:35', NULL),
(37, 'Harry potter', 'Action', '2021-11-01T15-45-38.880ZHP_KeyArtPressRelease-1_1.png', '2021-10-12', 'walid', 'www', '02:20', 'loremm ipsum ...', '2021-11-01 15:45:38', NULL),
(38, 'Hulk', 'Action', '2021-11-02T11-13-44.050Zbg-2.jpg', '2021-10-12', 'walid', 'www', '01:20', 'loremm ipsum ...', '2021-11-02 11:13:44', NULL),
(39, 'Fast & forius 4', 'Action', '2021-11-02T11-14-32.894Z44be62a0facdfb8d4a732a6e36ae42e7.jpg', '2021-10-11', 'walid', 'www', '01:30', 'loremm ipsum ...', '2021-11-02 11:14:32', '2021-11-03 08:48:44'),
(40, 'Fast & forius hobs shaw', 'Action', '2021-11-02T11-14-52.379Zfast-furious-hobbs-and-shaw.jpg', '2021-10-12', 'walid', 'www', '00:50', 'loremm ipsum ...', '2021-11-02 11:14:52', NULL),
(41, 'Walid ', 'uhiuh', '2021-11-03T05-59-28.019ZAvengers-5-696x497.jpg', '2021-11-18', 'jnjnkj', 'dea', '02:02', 'lorem', '2021-11-03 05:59:28', '2021-11-03 06:34:47'),
(42, 'Pajri mubarok bin yahya', 'horor, action', '2021-11-03T08-24-32.224ZHP_KeyArtPressRelease-1_1.png', '2021-11-11', 'pajri', 'pajri', '00:10', 'lorem', '2021-11-03 08:24:32', '2021-11-03 08:26:12'),
(44, 'Walid Nurudin', 'jnj', '2021-11-11T12-34-14.935Zb4d1c2_4b37230b675b49a298ab7fd6c377b318_mv2.jpg', '2021-11-11', 'njnkj', 'njnbj', '02:12', 'sjdnfkjdsbkjb', '2021-11-11 12:34:14', NULL),
(45, 'jkn', 'iji', '2021-11-11T12-35-05.686Z44be62a0facdfb8d4a732a6e36ae42e7.jpg', '2021-12-01', 'ji', 'j', '02:02', 'kdsflkokjij', '2021-11-11 12:35:05', NULL);

-- --------------------------------------------------------

--
-- Struktur dari tabel `schedule`
--

CREATE TABLE `schedule` (
  `id` int(11) NOT NULL,
  `movieId` int(11) NOT NULL,
  `premiere` varchar(150) NOT NULL,
  `price` int(11) NOT NULL,
  `location` varchar(100) NOT NULL,
  `dateStart` date NOT NULL,
  `dateEnd` date NOT NULL,
  `time` varchar(255) NOT NULL,
  `createdAt` timestamp NOT NULL DEFAULT current_timestamp() ON UPDATE current_timestamp(),
  `updatedAt` timestamp NULL DEFAULT NULL
) ENGINE=InnoDB DEFAULT CHARSET=utf8mb4;

--
-- Dumping data untuk tabel `schedule`
--

INSERT INTO `schedule` (`id`, `movieId`, `premiere`, `price`, `location`, `dateStart`, `dateEnd`, `time`, `createdAt`, `updatedAt`) VALUES
(2, 6, 'ebv.id', 10, 'Jakarta', '2019-12-10', '2024-10-12', '22:00:00', '2021-10-25 17:55:42', '2021-09-30 04:49:17'),
(3, 3, 'cineone21', 13, 'Jakarta', '2019-12-10', '2024-10-12', '22:00:00', '2021-09-21 09:55:19', NULL),
(8, 24, 'cineone21', 12, 'bandung', '2019-12-10', '2024-10-12', '20:00, 21:00, 22:00', '2021-10-25 14:27:41', NULL),
(9, 24, 'cineone21', 12, 'bandung', '2019-12-10', '2024-10-12', '20:00, 21:00, 22:00', '2021-10-25 14:27:42', NULL),
(10, 24, 'hiflix', 10, 'Indramayu', '2019-12-10', '2024-10-12', '20:00, 21:00, 22:00', '2021-10-25 14:28:04', NULL),
(11, 24, 'ebv.id', 15, 'jakarta', '2019-12-10', '2024-10-12', '20:00, 21:00, 22:00', '2021-10-25 14:29:08', NULL),
(12, 24, 'ebv.id', 10, 'jakarta', '2019-12-10', '2024-10-12', '14:00', '2021-10-25 14:38:07', NULL),
(13, 33, 'ebv.id', 10, 'jakarta', '2019-12-10', '2024-10-12', '14:00, 20:00, 22:00', '2021-11-02 06:21:35', NULL),
(14, 39, 'ebv.id', 10, 'jakarta', '2019-12-10', '2024-10-12', '14:00, 20:00, 22:00', '2021-11-03 16:55:52', NULL),
(15, 37, 'cineone21', 21, 'bandung', '2021-11-17', '2021-12-04', '14:00, 20:00, 22:00', '2021-11-03 17:08:35', NULL),
(16, 33, 'cineone21', 20, 'jakarta', '2021-11-04', '2021-11-30', '14:00, 20:00, 22:00', '2021-11-03 17:11:32', NULL),
(17, 38, 'cineone21', 10, 'indramayu', '2021-11-23', '2021-12-03', '20:00, 21:00', '2021-11-13 15:44:35', NULL),
(18, 38, 'ebv.id', 10, 'indramayu', '2021-11-03', '2021-11-25', '10:00', '2021-11-13 15:45:54', NULL),
(19, 41, 'cineone21', 20, 'bandung', '2021-11-01', '2021-11-30', '18:00, 16:00', '2021-11-13 15:56:50', NULL),
(20, 37, 'hiflix', 18, 'Indramayu', '2019-12-10', '2024-10-12', '20:00, 22:00', '2021-12-13 02:14:13', NULL),
(21, 37, 'hiflix', 20, 'Bandung', '2019-12-10', '2024-10-12', '20:00', '2021-12-13 02:18:25', NULL);

-- --------------------------------------------------------

--
-- Struktur dari tabel `seatBooking`
--

CREATE TABLE `seatBooking` (
  `id` int(11) NOT NULL,
  `bookingId` varchar(155) NOT NULL,
  `scheduleId` int(11) NOT NULL,
  `movieId` int(11) NOT NULL,
  `dateBooking` date NOT NULL,
  `timeBooking` time NOT NULL,
  `seat` varchar(10) NOT NULL,
  `createdAt` timestamp NOT NULL DEFAULT current_timestamp() ON UPDATE current_timestamp(),
  `updatedAt` timestamp NULL DEFAULT NULL
) ENGINE=InnoDB DEFAULT CHARSET=utf8mb4;

--
-- Dumping data untuk tabel `seatBooking`
--

INSERT INTO `seatBooking` (`id`, `bookingId`, `scheduleId`, `movieId`, `dateBooking`, `timeBooking`, `seat`, `createdAt`, `updatedAt`) VALUES
(7, '4', 2, 6, '2020-09-12', '22:00:00', 'E1', '2021-09-24 06:27:12', NULL),
(8, '4', 2, 6, '2020-09-12', '22:00:00', 'E2', '2021-09-24 06:27:12', NULL),
(9, '5', 2, 6, '2020-09-12', '22:00:00', 'A1', '2021-09-24 06:28:38', NULL),
(10, '5', 2, 6, '2020-09-12', '22:00:00', 'A2', '2021-09-24 06:28:38', NULL),
(11, '5', 2, 6, '2020-09-12', '22:00:00', 'A3', '2021-09-24 06:28:38', NULL),
(12, '5', 2, 6, '2020-09-12', '22:00:00', 'A4', '2021-09-24 06:28:38', NULL),
(13, '6', 5, 9, '2020-09-12', '22:00:00', 'A1', '2021-09-25 21:32:48', NULL),
(14, '6', 5, 9, '2020-09-12', '22:00:00', 'A2', '2021-09-25 21:32:48', NULL),
(15, '7', 6, 7, '2020-09-12', '20:00:00', 'A1', '2021-09-25 21:59:56', NULL),
(16, '8', 2, 6, '2021-09-26', '20:00:00', 'C1', '2021-09-26 16:26:57', NULL),
(17, '8', 2, 6, '2021-09-26', '20:00:00', 'C2', '2021-09-26 16:26:57', NULL),
(18, '8', 2, 6, '2021-09-26', '20:00:00', 'C3', '2021-09-26 16:26:57', NULL),
(19, '9', 7, 11, '2021-09-26', '20:00:00', 'D1', '2021-09-27 03:46:45', NULL),
(20, '10', 2, 6, '2021-09-26', '20:00:00', 'C1', '2021-10-03 17:05:27', NULL),
(21, '10', 2, 6, '2021-09-26', '20:00:00', 'C2', '2021-10-03 17:05:27', NULL),
(22, '10', 2, 6, '2021-09-26', '20:00:00', 'C3', '2021-10-03 17:05:27', NULL),
(23, '11', 7, 11, '2021-11-26', '20:00:00', 'C1', '2021-10-03 17:12:10', NULL),
(24, '11', 7, 11, '2021-11-26', '20:00:00', 'C2', '2021-10-03 17:12:10', NULL),
(25, '12', 2, 6, '2021-11-26', '20:00:00', 'C1', '2021-10-07 07:20:43', NULL),
(26, '12', 2, 6, '2021-11-26', '20:00:00', 'C2', '2021-10-07 07:20:43', NULL),
(27, '13', 2, 6, '2021-11-26', '20:00:00', 'C1', '2021-10-07 07:21:32', NULL),
(28, '13', 2, 6, '2021-11-26', '20:00:00', 'C2', '2021-10-07 07:21:32', NULL),
(29, '14', 2, 6, '2021-11-26', '20:00:00', 'C1', '2021-10-07 07:22:59', NULL),
(30, '14', 2, 6, '2021-11-26', '20:00:00', 'C2', '2021-10-07 07:22:59', NULL),
(31, '0', 3, 3, '2021-11-26', '22:00:00', 'C1', '2021-10-07 14:42:29', NULL),
(32, '0', 3, 3, '2021-11-26', '22:00:00', 'C2', '2021-10-07 14:42:29', NULL),
(33, '0', 3, 3, '2021-11-26', '22:00:00', 'C1', '2021-10-07 14:44:46', NULL),
(34, '0', 3, 3, '2021-11-26', '22:00:00', 'C2', '2021-10-07 14:44:46', NULL),
(35, '0', 3, 3, '2021-11-26', '22:00:00', 'C1', '2021-10-07 14:46:03', NULL),
(36, '0', 3, 3, '2021-11-26', '22:00:00', 'C2', '2021-10-07 14:46:03', NULL),
(37, '0', 3, 3, '2021-11-26', '22:00:00', 'C1', '2021-10-07 14:46:50', NULL),
(38, '0', 3, 3, '2021-11-26', '22:00:00', 'C2', '2021-10-07 14:46:50', NULL),
(39, '0', 3, 3, '2021-11-26', '22:00:00', 'C1', '2021-10-07 14:46:57', NULL),
(40, '0', 3, 3, '2021-11-26', '22:00:00', 'C2', '2021-10-07 14:46:57', NULL),
(41, '0', 3, 3, '2021-11-26', '22:00:00', 'C1', '2021-10-07 14:47:22', NULL),
(42, '0', 3, 3, '2021-11-26', '22:00:00', 'C2', '2021-10-07 14:47:23', NULL),
(43, '0', 3, 3, '2021-11-26', '22:00:00', 'C1', '2021-10-07 14:48:23', NULL),
(44, '0', 3, 3, '2021-11-26', '22:00:00', 'C2', '2021-10-07 14:48:23', NULL),
(45, '0', 3, 3, '2021-11-26', '22:00:00', 'C1', '2021-10-07 14:49:09', NULL),
(46, '0', 3, 3, '2021-11-26', '22:00:00', 'C2', '2021-10-07 14:49:09', NULL),
(47, '0', 3, 3, '2021-11-26', '22:00:00', 'C1', '2021-10-07 14:50:27', NULL),
(48, '0', 3, 3, '2021-11-26', '22:00:00', 'C2', '2021-10-07 14:50:27', NULL),
(49, '0', 3, 3, '2021-11-26', '22:00:00', 'C1', '2021-10-07 14:53:01', NULL),
(50, '0', 3, 3, '2021-11-26', '22:00:00', 'C2', '2021-10-07 14:53:01', NULL),
(51, '0', 3, 3, '2021-11-26', '22:00:00', 'C1', '2021-10-07 14:56:42', NULL),
(52, '0', 3, 3, '2021-11-26', '22:00:00', 'C2', '2021-10-07 14:56:42', NULL),
(53, '0', 3, 3, '2021-11-26', '22:00:00', 'C1', '2021-10-07 14:59:10', NULL),
(54, '0', 3, 3, '2021-11-26', '22:00:00', 'C2', '2021-10-07 14:59:10', NULL),
(55, '0', 3, 3, '2021-11-26', '22:00:00', 'C1', '2021-10-07 15:00:25', NULL),
(56, '0', 3, 3, '2021-11-26', '22:00:00', 'C2', '2021-10-07 15:00:25', NULL),
(57, '0', 3, 3, '2021-11-26', '22:00:00', 'A1', '2021-10-08 06:35:57', NULL),
(58, '0', 3, 3, '2021-11-26', '22:00:00', 'A2', '2021-10-08 06:35:57', NULL),
(59, '0', 3, 3, '2021-11-26', '22:00:00', 'A1', '2021-10-08 06:37:45', NULL),
(60, '0', 3, 3, '2021-11-26', '22:00:00', 'A2', '2021-10-08 06:37:45', NULL),
(61, '0', 3, 3, '2021-11-26', '22:00:00', 'A3', '2021-10-08 06:37:45', NULL),
(62, '0', 7, 11, '2021-11-26', '22:00:00', 'A1', '2021-10-08 06:46:31', NULL),
(63, '0', 7, 11, '2021-11-26', '22:00:00', 'A2', '2021-10-08 06:46:31', NULL),
(64, '0', 7, 11, '2021-11-26', '22:00:00', 'A3', '2021-10-08 06:46:31', NULL),
(65, '0', 7, 11, '2021-11-26', '22:00:00', 'B1', '2021-10-08 06:46:31', NULL),
(66, '0', 7, 11, '2021-11-26', '22:00:00', 'B2', '2021-10-08 06:46:31', NULL),
(67, '0', 7, 11, '2021-11-26', '22:00:00', 'B3', '2021-10-08 06:46:31', NULL),
(68, '0', 5, 9, '2021-11-26', '22:00:00', 'A1', '2021-10-08 07:51:40', NULL),
(69, '0', 5, 9, '2021-11-26', '22:00:00', 'A2', '2021-10-08 07:51:40', NULL),
(70, '0', 5, 9, '2021-11-26', '22:00:00', 'B2', '2021-10-08 07:51:40', NULL),
(71, '0', 5, 9, '2021-11-26', '22:00:00', 'B3', '2021-10-08 07:51:40', NULL),
(72, '0', 5, 9, '2021-11-26', '22:00:00', 'A1', '2021-10-08 08:22:16', NULL),
(73, '0', 5, 9, '2021-11-26', '22:00:00', 'A2', '2021-10-08 08:22:16', NULL),
(74, '0', 5, 9, '2021-11-26', '22:00:00', 'B2', '2021-10-08 08:22:16', NULL),
(75, '0', 5, 9, '2021-11-26', '22:00:00', 'B3', '2021-10-08 08:22:16', NULL),
(76, '0', 5, 9, '2021-11-26', '22:00:00', 'A1', '2021-10-08 08:22:41', NULL),
(77, '0', 5, 9, '2021-11-26', '22:00:00', 'A2', '2021-10-08 08:22:41', NULL),
(78, '0', 5, 9, '2021-11-26', '22:00:00', 'B2', '2021-10-08 08:22:41', NULL),
(79, '0', 5, 9, '2021-11-26', '22:00:00', 'B3', '2021-10-08 08:22:41', NULL),
(80, '0', 5, 9, '2021-11-26', '22:00:00', 'A1', '2021-10-08 08:23:06', NULL),
(81, '0', 5, 9, '2021-11-26', '22:00:00', 'A2', '2021-10-08 08:23:06', NULL),
(82, '0', 5, 9, '2021-11-26', '22:00:00', 'B2', '2021-10-08 08:23:06', NULL),
(83, '0', 5, 9, '2021-11-26', '22:00:00', 'B3', '2021-10-08 08:23:06', NULL),
(84, '0', 5, 9, '2021-11-26', '22:00:00', 'A1', '2021-10-08 08:24:14', NULL),
(85, '0', 5, 9, '2021-11-26', '22:00:00', 'A2', '2021-10-08 08:24:14', NULL),
(86, '0', 5, 9, '2021-11-26', '22:00:00', 'B2', '2021-10-08 08:24:14', NULL),
(87, '0', 5, 9, '2021-11-26', '22:00:00', 'B3', '2021-10-08 08:24:14', NULL),
(88, '0', 5, 9, '2021-11-26', '22:00:00', 'A1', '2021-10-08 08:25:31', NULL),
(89, '0', 5, 9, '2021-11-26', '22:00:00', 'A2', '2021-10-08 08:25:31', NULL),
(90, '0', 5, 9, '2021-11-26', '22:00:00', 'B2', '2021-10-08 08:25:31', NULL),
(91, '0', 5, 9, '2021-11-26', '22:00:00', 'B3', '2021-10-08 08:25:31', NULL),
(92, '0', 5, 9, '2021-11-26', '22:00:00', 'A1', '2021-10-08 08:39:37', NULL),
(93, '0', 5, 9, '2021-11-26', '22:00:00', 'A1', '2021-10-08 08:44:34', NULL),
(94, '0', 5, 9, '2021-11-26', '22:00:00', 'A1', '2021-10-08 08:49:01', NULL),
(95, '0', 5, 9, '2021-11-26', '22:00:00', 'B1', '2021-10-08 09:19:23', NULL),
(96, '0', 5, 9, '2021-11-26', '22:00:00', 'B1', '2021-10-08 09:21:32', NULL),
(97, '0', 7, 11, '2021-11-26', '22:00:00', 'A1', '2021-10-08 12:46:03', NULL),
(98, '0', 2, 6, '2021-11-26', '22:00:00', 'A1', '2021-10-08 12:48:11', NULL),
(99, '0', 2, 6, '2021-11-26', '22:00:00', 'A1', '2021-10-08 12:51:59', NULL),
(100, '0', 6, 7, '2021-11-26', '22:00:00', 'A1', '2021-10-08 13:40:55', NULL),
(101, '0', 6, 7, '2021-11-26', '22:00:00', 'A3', '2021-10-08 13:40:55', NULL),
(102, '0', 2, 6, '2021-10-23', '22:00:00', 'A2', '2021-10-23 13:47:44', NULL),
(103, '0', 2, 6, '2021-10-23', '22:00:00', 'A3', '2021-10-23 13:47:44', NULL),
(104, '0', 2, 6, '2021-10-23', '22:00:00', 'A4', '2021-10-23 13:47:44', NULL),
(105, '0', 2, 6, '2021-10-23', '22:00:00', 'A2', '2021-10-23 13:51:04', NULL),
(106, '0', 2, 6, '2021-10-23', '22:00:00', 'A3', '2021-10-23 13:51:04', NULL),
(107, '0', 2, 6, '2021-10-23', '22:00:00', 'A4', '2021-10-23 13:51:04', NULL),
(108, '0', 5, 9, '2021-11-03', '20:00:00', 'A2', '2021-10-25 06:51:17', NULL),
(109, '0', 5, 9, '2021-11-03', '20:00:00', 'A3', '2021-10-25 06:51:17', NULL),
(110, '0', 5, 9, '2021-11-03', '20:00:00', 'A4', '2021-10-25 06:51:17', NULL),
(111, '0', 5, 9, '2021-11-03', '20:00:00', 'G6', '2021-10-25 07:01:29', NULL),
(112, '0', 5, 9, '2021-11-03', '20:00:00', 'G7', '2021-10-25 07:01:29', NULL),
(113, '0', 2, 6, '2021-10-26', '22:00:00', 'G4', '2021-10-25 08:58:33', NULL),
(114, '0', 2, 6, '2021-10-26', '22:00:00', 'G5', '2021-10-25 08:58:33', NULL),
(115, '0', 2, 6, '2021-10-26', '22:00:00', 'A9', '2021-10-25 11:16:10', NULL),
(116, '0', 2, 6, '2021-10-26', '22:00:00', 'A8', '2021-10-25 11:16:10', NULL),
(117, '0', 2, 6, '2021-10-27', '22:00:00', 'F7', '2021-10-25 13:50:22', NULL),
(118, '0', 2, 6, '2021-10-27', '22:00:00', 'F6', '2021-10-25 13:50:22', NULL),
(119, '0', 2, 6, '2021-10-27', '22:00:00', 'F7', '2021-10-25 13:51:03', NULL),
(120, '0', 2, 6, '2021-10-27', '22:00:00', 'F6', '2021-10-25 13:51:03', NULL),
(121, '0', 12, 24, '2021-10-29', '14:00:00', 'G5', '2021-10-26 03:22:27', NULL),
(122, '0', 12, 24, '2021-10-29', '14:00:00', 'A11', '2021-10-26 03:24:03', NULL),
(123, '0', 10, 24, '2021-10-27', '20:00:00', 'G1', '2021-10-26 04:17:39', NULL),
(124, '0', 10, 24, '2021-10-27', '20:00:00', 'G2', '2021-10-26 04:17:39', NULL),
(125, '0', 10, 24, '2021-10-27', '20:00:00', 'G3', '2021-10-26 04:17:39', NULL),
(126, '0', 10, 24, '2021-11-30', '22:00:00', 'A8', '2021-11-01 07:31:23', NULL),
(127, '0', 10, 24, '2021-11-30', '22:00:00', 'A9', '2021-11-01 07:31:23', NULL),
(128, '0', 10, 24, '2021-11-30', '22:00:00', 'B2', '2021-11-01 08:14:52', NULL),
(129, '0', 10, 24, '2021-11-30', '22:00:00', 'B3', '2021-11-01 08:14:52', NULL),
(130, '0', 13, 33, '2021-11-02', '20:00:00', 'D4', '2021-11-02 06:22:10', NULL),
(131, '0', 13, 33, '2021-11-02', '20:00:00', 'D5', '2021-11-02 06:22:10', NULL),
(132, '0', 13, 33, '2021-11-02', '20:00:00', 'D6', '2021-11-02 06:22:10', NULL),
(133, '0', 13, 33, '2021-11-02', '20:00:00', 'D7', '2021-11-02 06:22:10', NULL),
(134, '3e4d2c58-f447-4899-8a79-6fed3fbb6074', 13, 33, '2021-11-17', '20:00:00', 'G1', '2021-11-02 06:24:11', NULL),
(135, '3e4d2c58-f447-4899-8a79-6fed3fbb6074', 13, 33, '2021-11-17', '20:00:00', 'G2', '2021-11-02 06:24:11', NULL),
(136, 'c9d7b0d6-ff8d-4cf0-9f3f-d47778496c78', 13, 33, '2021-11-05', '22:00:00', 'G6', '2021-11-03 12:50:52', NULL),
(137, 'c9d7b0d6-ff8d-4cf0-9f3f-d47778496c78', 13, 33, '2021-11-05', '22:00:00', 'G7', '2021-11-03 12:50:53', NULL),
(138, 'c9d7b0d6-ff8d-4cf0-9f3f-d47778496c78', 13, 33, '2021-11-05', '22:00:00', 'G5', '2021-11-03 12:50:53', NULL),
(139, '35203dd8-da96-401e-90b0-48db27644404', 13, 33, '2021-11-05', '22:00:00', 'D4', '2021-11-03 12:59:54', NULL),
(140, '35203dd8-da96-401e-90b0-48db27644404', 13, 33, '2021-11-05', '22:00:00', 'D5', '2021-11-03 12:59:54', NULL),
(141, '35203dd8-da96-401e-90b0-48db27644404', 13, 33, '2021-11-05', '22:00:00', 'D6', '2021-11-03 12:59:54', NULL),
(142, 'e38cef64-7895-4258-8fff-7aa29ca229a6', 13, 33, '2021-11-05', '22:00:00', 'G12', '2021-11-03 13:10:26', NULL),
(143, 'e38cef64-7895-4258-8fff-7aa29ca229a6', 13, 33, '2021-11-05', '22:00:00', 'G11', '2021-11-03 13:10:26', NULL),
(144, 'e38cef64-7895-4258-8fff-7aa29ca229a6', 13, 33, '2021-11-05', '22:00:00', 'G10', '2021-11-03 13:10:26', NULL),
(145, 'ad46b8ee-f63e-40c5-8acc-46fa2c950284', 13, 33, '2021-11-05', '22:00:00', 'G12', '2021-11-03 13:11:18', NULL),
(146, 'ad46b8ee-f63e-40c5-8acc-46fa2c950284', 13, 33, '2021-11-05', '22:00:00', 'G11', '2021-11-03 13:11:18', NULL),
(147, 'ad46b8ee-f63e-40c5-8acc-46fa2c950284', 13, 33, '2021-11-05', '22:00:00', 'G10', '2021-11-03 13:11:18', NULL),
(148, '4f3448cb-5713-4df0-bfc8-e1e9befc5ca9', 13, 33, '2021-11-05', '14:00:00', 'B5', '2021-11-03 13:43:31', NULL),
(149, '4f3448cb-5713-4df0-bfc8-e1e9befc5ca9', 13, 33, '2021-11-05', '14:00:00', 'B6', '2021-11-03 13:43:31', NULL),
(150, '4f3448cb-5713-4df0-bfc8-e1e9befc5ca9', 13, 33, '2021-11-05', '14:00:00', 'B7', '2021-11-03 13:43:31', NULL),
(151, '63053565-8a26-42f7-a312-fc20b0a32078', 14, 39, '2021-11-11', '14:00:00', 'B2', '2021-11-04 02:32:27', NULL),
(152, '63053565-8a26-42f7-a312-fc20b0a32078', 14, 39, '2021-11-11', '14:00:00', 'B3', '2021-11-04 02:32:27', NULL),
(153, '63053565-8a26-42f7-a312-fc20b0a32078', 14, 39, '2021-11-11', '14:00:00', 'B1', '2021-11-04 02:32:27', NULL),
(154, '5e1638c2-cf8d-425b-9037-33d517f6db10', 14, 39, '2021-11-05', '20:00:00', 'A1', '2021-11-04 03:56:35', NULL),
(155, '5e1638c2-cf8d-425b-9037-33d517f6db10', 14, 39, '2021-11-05', '20:00:00', 'A2', '2021-11-04 03:56:35', NULL),
(156, '5e1638c2-cf8d-425b-9037-33d517f6db10', 14, 39, '2021-11-05', '20:00:00', 'A3', '2021-11-04 03:56:35', NULL),
(157, '520d4dd1-ac6e-40a7-a5b6-04224a6a67bd', 13, 33, '2022-12-09', '20:00:00', 'A1', '2021-12-09 04:37:24', NULL),
(158, '520d4dd1-ac6e-40a7-a5b6-04224a6a67bd', 13, 33, '2022-12-09', '20:00:00', 'A2', '2021-12-09 04:37:24', NULL),
(159, '520d4dd1-ac6e-40a7-a5b6-04224a6a67bd', 13, 33, '2022-12-09', '20:00:00', 'A3', '2021-12-09 04:37:24', NULL),
(160, '1c74d7ff-d4ed-4815-aace-2e627e1eb546', 13, 33, '2022-12-09', '20:00:00', 'D1', '2021-12-09 04:39:27', NULL),
(161, '1c74d7ff-d4ed-4815-aace-2e627e1eb546', 13, 33, '2022-12-09', '20:00:00', 'D2', '2021-12-09 04:39:27', NULL),
(162, '1c74d7ff-d4ed-4815-aace-2e627e1eb546', 13, 33, '2022-12-09', '20:00:00', 'D3', '2021-12-09 04:39:27', NULL),
(163, 'b4e97bdf-9976-4d32-89d1-7ec4d00fdbe9', 19, 41, '2021-12-10', '16:00:00', 'A1', '2021-12-10 08:16:02', NULL),
(164, 'b4e97bdf-9976-4d32-89d1-7ec4d00fdbe9', 19, 41, '2021-12-10', '16:00:00', 'A4', '2021-12-10 08:16:03', NULL),
(165, 'b4e97bdf-9976-4d32-89d1-7ec4d00fdbe9', 19, 41, '2021-12-10', '16:00:00', 'A3', '2021-12-10 08:16:03', NULL),
(166, 'b4e97bdf-9976-4d32-89d1-7ec4d00fdbe9', 19, 41, '2021-12-10', '16:00:00', 'A2', '2021-12-10 08:16:03', NULL),
(167, 'b32a02d6-c083-41e4-b459-c8cb28b94017', 13, 33, '2021-12-10', '20:00:00', 'G7', '2021-12-10 17:03:55', NULL),
(168, 'b32a02d6-c083-41e4-b459-c8cb28b94017', 13, 33, '2021-12-10', '20:00:00', 'G6', '2021-12-10 17:03:55', NULL),
(169, '996f9218-f41e-4dc7-892f-7c03cd02a9bb', 13, 33, '2021-12-11', '22:00:00', 'G3', '2021-12-11 03:41:52', NULL),
(170, '996f9218-f41e-4dc7-892f-7c03cd02a9bb', 13, 33, '2021-12-11', '22:00:00', 'G5', '2021-12-11 03:41:52', NULL),
(171, '996f9218-f41e-4dc7-892f-7c03cd02a9bb', 13, 33, '2021-12-11', '22:00:00', 'G6', '2021-12-11 03:41:52', NULL),
(172, '2961a640-c73f-4572-b7e9-c6fd4f8b23a7', 13, 33, '2021-12-11', '22:00:00', 'G3', '2021-12-11 03:43:45', NULL),
(173, '2961a640-c73f-4572-b7e9-c6fd4f8b23a7', 13, 33, '2021-12-11', '22:00:00', 'G5', '2021-12-11 03:43:45', NULL),
(174, '2961a640-c73f-4572-b7e9-c6fd4f8b23a7', 13, 33, '2021-12-11', '22:00:00', 'G6', '2021-12-11 03:43:45', NULL),
(175, '4c7d5028-f3da-48e1-98c5-23f5e42b13af', 13, 33, '2021-12-11', '22:00:00', 'G3', '2021-12-11 03:44:58', NULL),
(176, '4c7d5028-f3da-48e1-98c5-23f5e42b13af', 13, 33, '2021-12-11', '22:00:00', 'G5', '2021-12-11 03:44:58', NULL),
(177, '4c7d5028-f3da-48e1-98c5-23f5e42b13af', 13, 33, '2021-12-11', '22:00:00', 'G6', '2021-12-11 03:44:58', NULL),
(178, '4d44c52d-f433-4e33-ab3d-1a1d1b6dd6db', 13, 33, '2021-12-11', '20:00:00', 'A3', '2021-12-11 04:41:09', NULL),
(179, '4d44c52d-f433-4e33-ab3d-1a1d1b6dd6db', 13, 33, '2021-12-11', '20:00:00', 'A2', '2021-12-11 04:41:10', NULL),
(180, '4d44c52d-f433-4e33-ab3d-1a1d1b6dd6db', 13, 33, '2021-12-11', '20:00:00', 'A1', '2021-12-11 04:41:10', NULL),
(181, '4557814d-c30d-4088-aebe-46b4594ead9d', 13, 33, '2021-12-11', '20:00:00', 'A3', '2021-12-11 04:42:48', NULL),
(182, '4557814d-c30d-4088-aebe-46b4594ead9d', 13, 33, '2021-12-11', '20:00:00', 'A2', '2021-12-11 04:42:48', NULL),
(183, '4557814d-c30d-4088-aebe-46b4594ead9d', 13, 33, '2021-12-11', '20:00:00', 'A1', '2021-12-11 04:42:48', NULL),
(184, 'fa8a538f-66cb-45f1-a3f6-fc2f626eb6da', 13, 33, '2021-12-11', '20:00:00', 'A3', '2021-12-11 04:43:36', NULL),
(185, 'fa8a538f-66cb-45f1-a3f6-fc2f626eb6da', 13, 33, '2021-12-11', '20:00:00', 'A2', '2021-12-11 04:43:36', NULL),
(186, 'fa8a538f-66cb-45f1-a3f6-fc2f626eb6da', 13, 33, '2021-12-11', '20:00:00', 'A1', '2021-12-11 04:43:36', NULL),
(187, '1eaf5d89-6578-40a5-a8e5-7d292a4f6615', 13, 33, '2021-12-11', '20:00:00', 'A3', '2021-12-11 04:44:11', NULL),
(188, '1eaf5d89-6578-40a5-a8e5-7d292a4f6615', 13, 33, '2021-12-11', '20:00:00', 'A2', '2021-12-11 04:44:11', NULL),
(189, '1eaf5d89-6578-40a5-a8e5-7d292a4f6615', 13, 33, '2021-12-11', '20:00:00', 'A1', '2021-12-11 04:44:11', NULL),
(190, 'f4d01654-34b7-495d-8239-26347255ec0d', 13, 33, '2021-12-11', '20:00:00', 'G1', '2021-12-11 04:56:29', NULL),
(191, 'f4d01654-34b7-495d-8239-26347255ec0d', 13, 33, '2021-12-11', '20:00:00', 'G2', '2021-12-11 04:56:29', NULL),
(192, 'f4d01654-34b7-495d-8239-26347255ec0d', 13, 33, '2021-12-11', '20:00:00', 'G3', '2021-12-11 04:56:29', NULL),
(193, '3fd06af9-efa7-4d09-ba26-48a2ab9f6da8', 13, 33, '2021-12-11', '20:00:00', 'G1', '2021-12-11 04:57:36', NULL),
(194, '3fd06af9-efa7-4d09-ba26-48a2ab9f6da8', 13, 33, '2021-12-11', '20:00:00', 'G2', '2021-12-11 04:57:36', NULL),
(195, '3fd06af9-efa7-4d09-ba26-48a2ab9f6da8', 13, 33, '2021-12-11', '20:00:00', 'G3', '2021-12-11 04:57:36', NULL),
(196, '66ec6855-9d20-4fb9-bc1e-1a9e1cc9293b', 13, 33, '2021-12-11', '20:00:00', 'E3', '2021-12-11 05:04:59', NULL),
(197, '66ec6855-9d20-4fb9-bc1e-1a9e1cc9293b', 13, 33, '2021-12-11', '20:00:00', 'E4', '2021-12-11 05:04:59', NULL),
(198, '66ec6855-9d20-4fb9-bc1e-1a9e1cc9293b', 13, 33, '2021-12-11', '20:00:00', 'E5', '2021-12-11 05:04:59', NULL),
(199, '86ce3566-62b4-426e-899c-1b687a3bb68d', 20, 37, '2021-12-15', '20:00:00', 'A2', '2021-12-13 03:51:37', NULL),
(200, '86ce3566-62b4-426e-899c-1b687a3bb68d', 20, 37, '2021-12-15', '20:00:00', 'A3', '2021-12-13 03:51:37', NULL),
(201, '86ce3566-62b4-426e-899c-1b687a3bb68d', 20, 37, '2021-12-15', '20:00:00', 'A4', '2021-12-13 03:51:37', NULL);

-- --------------------------------------------------------

--
-- Struktur dari tabel `user`
--

CREATE TABLE `user` (
  `id` varchar(255) NOT NULL,
  `firstName` varchar(255) NOT NULL,
  `lastName` varchar(255) NOT NULL,
  `email` varchar(150) NOT NULL,
  `image` varchar(255) DEFAULT NULL,
  `phoneNumber` varchar(150) DEFAULT NULL,
  `role` enum('USER','ADMIN') NOT NULL DEFAULT 'USER',
  `password` varchar(255) NOT NULL,
  `status` enum('Active','notActive') NOT NULL DEFAULT 'notActive',
  `createdAt` timestamp NOT NULL DEFAULT current_timestamp(),
  `updatedAt` timestamp NULL DEFAULT NULL
) ENGINE=InnoDB DEFAULT CHARSET=utf8mb4;

--
-- Dumping data untuk tabel `user`
--

INSERT INTO `user` (`id`, `firstName`, `lastName`, `email`, `image`, `phoneNumber`, `role`, `password`, `status`, `createdAt`, `updatedAt`) VALUES
('0a9222e6-cb57-4c3a-ba41-176433d36dfd', 'aku', 'siapa3', 'akusiapa3@gmail.com', NULL, NULL, 'USER', '$2b$10$78pk7d1tqDxyReNApGQQU.UAVzNvIt.Glf/MyEn/08d/JmZzn9UVy', 'notActive', '2021-12-05 10:32:02', NULL),
('143a9684-2620-486d-adbc-2a0f064979fa', 'Walid', 'nurudin', 'paquito@gmail.com', '2021-12-13T03-54-59.954Zrn_image_picker_lib_temp_9f5cd80c-f5c4-409f-8c70-ca6cbd1a0a55.jpg', '08312222', 'ADMIN', '$2b$10$ef7eNiSGWuSZ7krPafQ4E.mVkL.EMSFza2mAJoJH.nO.YdrGR5Hr2', 'Active', '2021-09-29 06:59:04', '2021-12-13 03:55:00'),
('2d9a7154-f6f3-4b39-bdcd-f4cf2dd93da4', 'Walid', 'Nurudin', 'user1@gmail.com', NULL, '08655', 'USER', '$2b$10$dLwXKUgiOKUIdRsrtx48yOLEXeaVJCcypK0SDU34ocmokz5AoX57y', 'Active', '2021-11-04 03:54:10', '2021-11-04 03:55:31'),
('34675095-85e8-4762-b194-4b52590185e4', 'pajri', 'mubarok', 'pajrimubarok@gmail.com', NULL, NULL, 'USER', '$2b$10$ANlDVpNKVRg109ww/dX8geppq/Y7Kcgt.3LkHvt38.k/O57JyVfhm', 'Active', '2021-11-01 18:50:11', NULL),
('59174251-d1b5-4c7a-bea9-ea543636f03f', 'walid', 'www', 'www@gmail.com', NULL, NULL, 'ADMIN', '$2b$10$rULYLeZJRgEiDXZ8iiwA2u1A0MtTMnO.zODLTwxn7v..AZbSAtZOS', 'notActive', '2021-09-29 15:15:30', NULL),
('5c233cd0-606f-43cc-9fe9-e5eca570dac0', 'dkekek', '', 'abc@gmail.com', NULL, NULL, 'USER', '$2b$10$2TvGFWPt.ytyBH.JcCOhx.g6Mr8vtOaOslmuZKSuZYSNtnpkTjgtq', 'notActive', '2021-12-05 10:24:11', NULL),
('8b92a6b5-31c0-42ce-a735-2f5e6e5c357d', 'Walid', 'Nurudin', 'testes@gmail.com', NULL, '0831111', 'USER', '$2b$10$9afzZ5M7mtWUeEYSy6W9B.3DNIrxOcFvwGvwbbvTkA5SubqsHwjaO', 'Active', '2021-11-03 17:17:34', '2021-11-04 02:25:00'),
('9ad8a2ec-fa8e-4f0e-8660-f2b0b2cde664', 'walid', 'nurudin', 'walid11@gmail.com', '2021-10-04T06-12-48.628Zbg-2.jpg', '086', 'USER', '$2b$10$6e5Ua9hNzwj7vu9DLqhcCOZZpyqcNYfQJTS/i2gNxvxsmTtmssYbe', 'Active', '2021-10-04 06:09:52', '2021-11-02 08:03:17'),
('9bd6a64b-7925-461b-9a21-27584d94e9e7', 'walid', 'nurudinnn', 'bagustri15@gmail.com', NULL, NULL, 'USER', '$2b$10$E6cHOK0LbJmsXKmg5/tp/ObRk89dadTDoayw6J7SCj0KMWYTkbikW', 'notActive', '2021-10-01 03:52:46', NULL),
('a4347013-07ad-453e-a770-0649b309512d', 'walid2', 'nurudin', 'walid2@gmail.com', '', NULL, 'USER', '$2b$10$ZFHSJU.ZrT6QRkIFZzoCd.MFpvwg0RLiq2rsOnJW5wxii1mzgr8JC', 'notActive', '2021-09-29 13:43:08', NULL),
('b79d35d1-b683-474b-99ad-90f1b9311722', 'WALID', 'OK', 'WALIDOK@GMAIL.COM', NULL, NULL, 'USER', '$2b$10$aGSBwpP7fQzhuTir5MtPn.10rQ5kCXcej9knZ4dYKuZLYZ01gbTh6', 'notActive', '2021-12-06 03:03:40', NULL),
('c20be628-929d-4358-94de-af05e468d0c3', 'walid', 'walid', 'walidwalid@gmail.com', NULL, NULL, 'USER', '$2b$10$whYi8Dzp32eShyHOYsDsP.edTE94xxXx4N4tufEt8vmLW9dvMZztG', 'notActive', '2021-12-13 03:46:52', NULL),
('caea6729-a94d-440b-a9e4-8faf4d1ad9aa', 'aku', 'siapa2', 'akusiapa2@gmail.com', NULL, NULL, 'USER', '$2b$10$aN18/nSfymQrTVzZu55oj.OoSXy908MhB6rfhns9.YcRellF/t6wW', 'notActive', '2021-12-05 10:21:56', NULL),
('cbf642c7-974f-49ca-a130-b00bd73e6a1c', 'walid', 'www', 'walidnurudin47@gmail.com', '2021-11-14T06-07-09.551Zb4d1c2_4b37230b675b49a298ab7fd6c377b318_mv2.jpg', '083102', 'USER', '$2b$10$PUrLSN11QofaIL9vo8PFTuy6LQWmdmqtoyh9OCBO4DrbZHFeEBNQq', 'Active', '2021-10-06 11:55:43', '2021-11-14 06:07:09'),
('d4a63df0-4bcb-4504-8e53-e65bcd16abeb', 'aku', 'siapa', 'akusiapa@gmail.com', NULL, NULL, 'USER', '$2b$10$g24yCUdiVSHPqsKWS/SHOe0n2SjSP0LjZrpoV25DsgORF8CBQWYR6', 'notActive', '2021-12-05 10:17:50', NULL),
('d5dd52b1-e644-49c8-981a-b917b31805f8', 'walid', '22', 'walid22@gmail.com', NULL, NULL, 'USER', '$2b$10$A5ZWnWsDs5dEV5BYHOyT0e6TsUxs8vanLwtxDIEvBkX79LEKTazh2', 'notActive', '2021-09-30 09:32:54', NULL),
('facbdb30-e5e6-4246-a066-3561fd0bbda2', 'walid', 'nurudin', 'walidnurudinnn@protonmail.com', '2021-11-02T07-17-10.683ZAvengers-5-696x497.jpg', '081', 'ADMIN', '$2b$10$37TFd6hihXXG9kKkwLBaSuUNtEStqvmWDWFXH5sYZ7wFj7vwr3TIq', 'Active', '2021-09-30 16:17:05', '2021-11-02 07:17:10');

--
-- Indexes for dumped tables
--

--
-- Indeks untuk tabel `booking`
--
ALTER TABLE `booking`
  ADD PRIMARY KEY (`id`);

--
-- Indeks untuk tabel `movie`
--
ALTER TABLE `movie`
  ADD PRIMARY KEY (`id`);

--
-- Indeks untuk tabel `schedule`
--
ALTER TABLE `schedule`
  ADD PRIMARY KEY (`id`);

--
-- Indeks untuk tabel `seatBooking`
--
ALTER TABLE `seatBooking`
  ADD PRIMARY KEY (`id`);

--
-- Indeks untuk tabel `user`
--
ALTER TABLE `user`
  ADD PRIMARY KEY (`id`);

--
-- AUTO_INCREMENT untuk tabel yang dibuang
--

--
-- AUTO_INCREMENT untuk tabel `movie`
--
ALTER TABLE `movie`
  MODIFY `id` int(11) NOT NULL AUTO_INCREMENT, AUTO_INCREMENT=46;

--
-- AUTO_INCREMENT untuk tabel `schedule`
--
ALTER TABLE `schedule`
  MODIFY `id` int(11) NOT NULL AUTO_INCREMENT, AUTO_INCREMENT=22;

--
-- AUTO_INCREMENT untuk tabel `seatBooking`
--
ALTER TABLE `seatBooking`
  MODIFY `id` int(11) NOT NULL AUTO_INCREMENT, AUTO_INCREMENT=202;
COMMIT;

/*!40101 SET CHARACTER_SET_CLIENT=@OLD_CHARACTER_SET_CLIENT */;
/*!40101 SET CHARACTER_SET_RESULTS=@OLD_CHARACTER_SET_RESULTS */;
/*!40101 SET COLLATION_CONNECTION=@OLD_COLLATION_CONNECTION */;
